Product,Price,Category,Supplement,Protein_grams
Nutrabay Gold Pea Protein,1499,Pea Protein,Nutrabay Product,25
"Nutrabay BioAbsorb™ Whey Protein Powder, 26g Protein Per Serving | ProDiFi™ Blend for Better Absorption",3149,Whey Protein,Nutrabay Product,24
Nutrabay Yeast Protein,1999,Yeast Protein,Nutrabay Product,22
Nutrabay Gold Whey Protein Concentrate,2799,Whey Protein,Nutrabay Product,24
Nutrabay Pure Pea Protein Isolate,1099,Pea Protein,Nutrabay Product,25
Nutrabay Pure Whey Protein Concentrate,2599,Whey Protein,Nutrabay Product,24
Nutrabay Pure Whey Protein Isolate,4499,Whey Protein,Nutrabay Product,24
Nutrabay Gold Whey Protein Isolate,4499,Whey Protein,Nutrabay Product,24
Nutrabay Gold Tri-Blend Whey Protein,3299,Whey Protein,Nutrabay Product,24
Nutrabay Wellness Vegan Plant Protein Powder + Superfoods,1889,Other,Nutrabay Product,0
Nutrabay Fish Oil Omega 3 (Triple Strength) - 1250mg,749,Omega 3,Nutrabay Product,0
Nutrabay Fish Oil Omega 3 - 1000mg,319,Omega 3,Nutrabay Product,0
Neuherbs Deep Sea Omega 3 Fish Oil 2500mg (Triple Strength) With Vitamin D3 & E,749,Omega 3,Other,0
MuscleBlaze Omega 3 Fish Oil Gold 1250mg - Triple Strength Formula (560mg EPA & 400mg DHA),849,Omega 3,MuscleBlaze Product,0
Optimum Nutrition (ON) Fish Oil,488,Omega 3,Optimum Nutrition Product,0
MuscleBlaze Fish Oil 1000mg,449,Omega 3,MuscleBlaze Product,0
Pole Nutrition Omega 3 Fish Oil 1000Mg,799,Omega 3,Other,0
Nutrabay High Protein Oats,499,Healthy Oats,Nutrabay Product,12
Pintola High Protein Oats,579,Healthy Oats,Pintola Product,12
Doctor's Choice High Protein Oats,599,Healthy Oats,Doctor's Choice Product,12
MuscleBlaze High Protein Oats,549,Healthy Oats,MuscleBlaze Product,12
Pintola Jumbo Rolled Oats,225,Healthy Oats,Pintola Product,12
Myfitness iOAT - H2O,359,Other,Other,0
Ace Blend Max Magnesium 440mg,741,Mineral Supplement,Other,0
Allmax Multivitamin Vitaform for Women,699,Multivitamin,Other,0
Labrada Muscle Mass Gainer,1199,Mass Gainer,Labrada Product,30
Kevin Levrone Anabolic Iso Whey,6699,Whey Protein,Kevin Levrone Product,24
MuscleTech NitroTech Whey Gold,6999,Whey Protein,MuscleTech Product,24
Nutrabay Pure Creatine Monohydrate Micronized,999,Creatine,Nutrabay Product,0
Nutrabay Creafizz - Creatine Monohydrate Sachets | Fizzy & Refreshing Format | Instantly Dissolves | No Clumps | 3g Creatine per Serving,499,Creatine,Nutrabay Product,0
Nutrabay Gold Micronized Creatine Monohydrate,649,Creatine,Nutrabay Product,0
Wellcore Micronised Creatine Monohydrate,529,Creatine,Wellcore Product,0
Optimum Nutrition (ON) Micronized Creatine Monohydrate Powder,889,Creatine,Optimum Nutrition Product,0
MuscleTech Platinum Creatine Monohydrate,849,Creatine,MuscleTech Product,0
MuscleBlaze Creatine Monohydrate Cre AMP,839,Creatine,MuscleBlaze Product,0
Isopure Creatine Monohydrate Micronized,945,Creatine,Isopure Product,0
Naturaltein Creatine: Creapure,1099,Creatine,Other,0
GNC Pro Performance Creatine Monohydrate,944,Creatine,GNC Product,0
Nakpro Nutrition Platinum Whey Protein Isolate Supplement Powder,3499,Whey Protein,Nakpro Product,24
Nakpro Nutrition Micronized Creatine Monohydrate,860,Creatine,Nakpro Product,0
Nakpro Nutrition Pea Protein Isolate,1199,Pea Protein,Nakpro Product,25
Nakpro Nutrition Gold Whey Protein Concentrate Supplement Powder,2299,Whey Protein,Nakpro Product,24
Nakpro Nutrition Hydro Whey Protein Hydrolyzed Supplement Powder,2399,Whey Protein,Nakpro Product,24
